/*
SQLyog Ultimate v12.5.0 (64 bit)
MySQL - 5.7.32-log : Database - hotel
*********************************************************************
*/

/*!40101 SET NAMES utf8 */;

/*!40101 SET SQL_MODE=''*/;

/*!40014 SET @OLD_UNIQUE_CHECKS=@@UNIQUE_CHECKS, UNIQUE_CHECKS=0 */;
/*!40014 SET @OLD_FOREIGN_KEY_CHECKS=@@FOREIGN_KEY_CHECKS, FOREIGN_KEY_CHECKS=0 */;
/*!40101 SET @OLD_SQL_MODE=@@SQL_MODE, SQL_MODE='NO_AUTO_VALUE_ON_ZERO' */;
/*!40111 SET @OLD_SQL_NOTES=@@SQL_NOTES, SQL_NOTES=0 */;
CREATE DATABASE /*!32312 IF NOT EXISTS*/`hotel` /*!40100 DEFAULT CHARACTER SET utf8 */;

USE `hotel`;

/*Table structure for table `customer` */

DROP TABLE IF EXISTS `customer`;

CREATE TABLE `customer` (
                            `cid` int(11) NOT NULL AUTO_INCREMENT COMMENT '顾客编号',
                            `cname` varchar(10) NOT NULL COMMENT '顾客姓名',
                            `identity_num` varchar(18) NOT NULL COMMENT '顾客身份证号',
                            `tel_phone` varchar(16) DEFAULT NULL COMMENT '顾客联系电话',
                            `state` int(11) DEFAULT '0' COMMENT '顾客状态（ 0：未入住 1： 在住,默认：0）',
                            `deleted` int(11) NOT NULL DEFAULT '0' COMMENT '逻辑删除字段0：未删除 1：已删除',
                            PRIMARY KEY (`cid`),
                            UNIQUE KEY `table_name_identityNum_uindex` (`identity_num`)
) ENGINE=InnoDB AUTO_INCREMENT=170 DEFAULT CHARSET=utf8 COMMENT='客户信息表';

/*Data for the table `customer` */

insert  into `customer`(`cid`,`cname`,`identity_num`,`tel_phone`,`state`,`deleted`) values
(63,'小张','755190504407900585','17693969728',0,0),
(64,'小张','564165891997140594','17636573543',1,0),
(65,'小刚','333383367020438900','17658688012',1,0),
(66,'小红','850835893168356736','17677242870',1,0),
(67,'小强','208559841935737359','17637443057',0,0),
(68,'小王','578785108367190395','17613636199',1,0),
(69,'小强','641992165154538368','17677124832',1,0),
(70,'小刚','202291948378553790','17627788323',0,0),
(71,'小强','800858947349547740','17676773692',1,0),
(72,'小红','430878175170713114','17613806094',0,0),
(73,'小红','465972604667132828','17657106653',0,0),
(74,'小刚','238404550872764753','17623915931',1,0),
(75,'小王','760020729535677151','17625634419',1,0),
(76,'小红','910946508970513432','17626135607',0,0),
(77,'小王','291960875162561402','17695684541',0,0),
(78,'小张','572700604787566501','17619894370',0,0),
(79,'小强','858797110781637652','17687469973',1,0),
(80,'小红','186935124881541461','17622851973',1,0),
(81,'小红','629380572563791904','17651457047',1,0),
(82,'小张','999414913485122315','17643858063',1,0),
(83,'小张','669946855000128179','17645237042',1,0),
(84,'小红','425203726952885677','17651755977',1,0),
(85,'小刚','431395232244241767','17666316671',1,0),
(86,'小刚','260387323175254672','17661933142',1,0),
(87,'小强','569192562925171105','17698921528',0,0),
(88,'小红','781926770261557553','17665691381',1,0),
(89,'小王','347477447589301480','17614014656',0,0),
(90,'小红','324806333999781243','17626709007',0,0),
(91,'小红','857638687370440648','17676991574',1,0),
(92,'小王','429781748181297716','17627827566',0,0),
(93,'小张','310186546336679483','17610868284',1,0),
(94,'小刚','856863190175919041','17627994503',1,0),
(95,'小王','173844982899236130','17699736673',1,0),
(96,'小刘','860262143321235698','17643136759',0,0),
(97,'小红','528114175557400302','17687134173',1,0),
(98,'小刘','911790266455274923','17636539468',0,0),
(99,'小红','373919397082990802','17697228325',1,0),
(100,'小刘','397394316437878530','17676968569',1,0),
(101,'小刘','985508778131431832','17625346092',0,0),
(102,'小王','807958552351471493','17642525837',0,0),
(103,'小强','873695624327775745','17650719004',1,0),
(104,'小强','977280851596746250','17670328815',1,0),
(105,'小强','838020219720298905','17671111850',0,0),
(106,'小强','738147303250436773','17686054522',0,0),
(107,'小刘','960289336018330619','17651218326',0,0),
(108,'小刘','190461296172244232','17692104542',0,0),
(109,'小刘','244519569847725742','17670111960',0,0),
(110,'小红','924797893272881542','17636072758',0,0),
(111,'小红','273634620142851399','17699354333',0,0),
(112,'小强','552983636094851697','17630742852',0,0),
(113,'小张','235419477451525847','17621575065',1,0),
(114,'小张','130540227796771445','17632731135',0,0),
(115,'小强','830126582867284390','17636074450',0,0),
(116,'小刚','370998330945195351','17637326080',1,0),
(117,'小张','272546100263651803','17650318718',1,0),
(118,'小王','793493574553409117','17617787582',0,0),
(119,'小强','269972208390819435','17646371243',1,0),
(120,'小王','359807324590444877','17672397581',1,0),
(121,'小刚','753714803746296026','17690903814',1,0),
(122,'小刘','273141384247994803','17668346285',1,0),
(123,'小刚','139171975984956481','17622478885',1,0),
(124,'小强','147282958778960753','17673111488',0,0),
(125,'小红','664731196595951322','17659053029',1,0),
(126,'小强','336721306494810123','17690438885',0,0),
(127,'小刚','714036705471957222','17626867390',0,0),
(128,'小刘','168224229766792690','17677083396',1,0),
(129,'小刚','944917242217503994','17636491188',1,0),
(130,'小强','400748673061865522','17695112267',1,0),
(131,'小红','640633639509797711','17649179191',1,0),
(132,'小强','635498950984176024','17637317861',0,0),
(133,'小刘','546485577026893043','17613759493',0,0),
(134,'小强','955828384092576620','17651435999',0,0),
(135,'小强','839193312151654408','17666271908',1,0),
(136,'小刘','474102426257932666','17671553299',0,0),
(137,'小王','180781521106155205','17644435954',1,0),
(138,'小刚','850068626776443791','17672913678',1,0),
(139,'小强','227903301857754605','17625362245',1,0),
(140,'小强','873998569658102903','17666547498',1,0),
(141,'小张','719775921420470206','17618911237',1,0),
(142,'小红','712422716725432374','17666788617',1,0),
(143,'小刘','608483285957973623','17623505312',1,0),
(144,'小红','802670437071158444','17621469594',0,0),
(145,'小刚','740520960994255221','17683785287',1,0),
(146,'小刚','111919117406880017','17679975038',1,0),
(147,'小刚','500012326510411919','17684185214',1,0),
(148,'小刚','875489586877587381','17661124320',1,0),
(149,'小刚','989442516179972948','17610393258',0,0),
(150,'小刚','793582697287622422','17690214341',1,0),
(151,'小刚','669026591192657123','17612708489',1,0),
(152,'小刚','619092792110668866','17686299453',1,0),
(153,'小刚','580999367628185806','17631113600',1,0),
(154,'小刚','382975805514806049','17637323364',1,0),
(155,'小刚','695923933376868996','17631172860',1,0),
(156,'小刚','327913348805506686','17695662891',1,0),
(157,'小刚','844432699619493026','17615705197',0,0),
(158,'小刚','717109611008772587','17696444011',1,0),
(159,'小刚','897841902999963033','17681439409',1,0),
(160,'小刚','635738600038283049','17664623166',0,0),
(161,'小刚','187048892303869139','17676477327',0,0),
(162,'小刚','115260851467969813','17655406970',1,0),
(163,'小刚','924407603249190224','17634759896',1,0),
(164,'小刚','268317571432161108','17640438746',1,1),
(168,'张三','330000000000000002','17600000001',1,1),
(169,'李四','268317571432161109','17600000000',0,1);

/*Table structure for table `rom` */

DROP TABLE IF EXISTS `rom`;

CREATE TABLE `rom` (
                       `rid` int(11) NOT NULL AUTO_INCREMENT COMMENT '客房编号',
                       `rnum` int(11) DEFAULT NULL COMMENT '房间号',
                       `rname` varchar(50) DEFAULT NULL COMMENT '房间名',
                       `tid` int(11) DEFAULT NULL COMMENT '房间类型编号',
                       `state` int(11) DEFAULT '0' COMMENT '客房状态（0：空房间 1：有人居住 2：维护中 )',
                       `deleted` int(11) NOT NULL DEFAULT '0' COMMENT '逻辑删除字段',
                       PRIMARY KEY (`rid`),
                       UNIQUE KEY `rom_rnum_uindex` (`rnum`),
                       KEY `tid` (`tid`),
                       CONSTRAINT `rom_ibfk_1` FOREIGN KEY (`tid`) REFERENCES `rom_type` (`tid`)
) ENGINE=InnoDB AUTO_INCREMENT=41 DEFAULT CHARSET=utf8 COMMENT='客房信息表';

/*Data for the table `rom` */

insert  into `rom`(`rid`,`rnum`,`rname`,`tid`,`state`,`deleted`) values
(1,101,'101',3,2,0),
(2,102,'102',2,0,2),
(3,103,'103',3,1,0),
(4,104,'104',3,2,0),
(5,105,'105',3,0,0),
(6,106,'106',3,1,0),
(7,107,'107',4,0,0),
(8,108,'108',2,2,0),
(9,109,'109',1,2,0),
(10,110,'111',2,0,0),
(11,111,'111',3,0,0),
(12,112,'112',2,0,0),
(13,113,'113',1,0,0),
(14,201,'201',4,0,0),
(15,202,'202',3,0,0),
(16,203,'203',3,0,0),
(17,204,'204',2,0,0),
(18,205,'205',3,0,0),
(19,206,'206',3,0,0),
(20,207,'207',4,0,0),
(21,208,'208',3,0,0),
(22,209,'209',3,0,0),
(23,210,'210',1,0,0),
(24,211,'211',3,0,0),
(25,212,'212',3,0,0),
(26,213,'213',2,0,0),
(27,214,'214',4,0,0),
(28,215,'215',2,0,0),
(29,216,'216',2,0,0),
(30,217,'217',1,0,0),
(31,218,'218',2,0,0),
(32,219,'219',1,0,0),
(33,220,'220',2,0,0),
(34,301,'301',2,0,0),
(35,302,'302',3,0,0),
(40,12345,'12345',2,1,0);

/*Table structure for table `rom_type` */

DROP TABLE IF EXISTS `rom_type`;

CREATE TABLE `rom_type` (
                            `tid` int(11) NOT NULL AUTO_INCREMENT COMMENT '客房类型编号',
                            `tname` varchar(20) DEFAULT NULL COMMENT '客房类型名称',
                            `price` double(6,2) DEFAULT NULL COMMENT '类型价格(单位：每天)',
                            `deleted` int(11) NOT NULL DEFAULT '0' COMMENT '逻辑删除字段',
                            PRIMARY KEY (`tid`)
) ENGINE=InnoDB AUTO_INCREMENT=9 DEFAULT CHARSET=utf8;

/*Data for the table `rom_type` */

insert  into `rom_type`(`tid`,`tname`,`price`,`deleted`) values
(1,'钟点房（单人）',70.24,0),
(2,'电脑房（单人）',90.10,0),
(3,'钟点房（双人）',80.00,0),
(4,'电脑房（双人）',120.00,0),
(5,'大床房',118.00,0),
(8,'asd',2.22,0);

/*Table structure for table `stay_info` */

DROP TABLE IF EXISTS `stay_info`;

CREATE TABLE `stay_info` (
                             `sid` int(11) NOT NULL AUTO_INCREMENT COMMENT '住宿订单编号',
                             `cid` int(11) DEFAULT NULL COMMENT '顾客编号',
                             `rid` int(11) DEFAULT NULL COMMENT '客房编号',
                             `in_time` timestamp NULL DEFAULT NULL COMMENT '入住时间',
                             `out_time` timestamp NULL DEFAULT NULL COMMENT '退房时间',
                             `deleted` int(11) NOT NULL DEFAULT '0' COMMENT '逻辑删除字段',
                             PRIMARY KEY (`sid`),
                             KEY `cid` (`cid`),
                             KEY `rid` (`rid`),
                             CONSTRAINT `stay_info_ibfk_1` FOREIGN KEY (`cid`) REFERENCES `customer` (`cid`),
                             CONSTRAINT `stay_info_ibfk_2` FOREIGN KEY (`rid`) REFERENCES `rom` (`rid`)
) ENGINE=InnoDB AUTO_INCREMENT=5 DEFAULT CHARSET=utf8;

/*Data for the table `stay_info` */

insert  into `stay_info`(`sid`,`cid`,`rid`,`in_time`,`out_time`,`deleted`) values
(2,63,1,'2021-07-06 10:00:00',NULL,0),
(3,63,1,'2021-07-17 14:28:58','2021-07-19 14:10:53',0),
(4,63,8,'2021-07-20 18:36:36','2021-07-20 18:37:25',0);

/*Table structure for table `sys_admin` */

DROP TABLE IF EXISTS `sys_admin`;

CREATE TABLE `sys_admin` (
                             `aid` int(11) NOT NULL AUTO_INCREMENT COMMENT '账户id',
                             `login_name` varchar(20) NOT NULL COMMENT '账号',
                             `password` varchar(20) NOT NULL COMMENT '密码',
                             `deleted` int(11) NOT NULL DEFAULT '0' COMMENT '逻辑删除字段',
                             PRIMARY KEY (`aid`),
                             UNIQUE KEY `sysadmin_login_name_uindex` (`login_name`)
) ENGINE=InnoDB AUTO_INCREMENT=23 DEFAULT CHARSET=utf8;

/*Data for the table `sys_admin` */

insert  into `sys_admin`(`aid`,`login_name`,`password`,`deleted`) values
(1,'admin','1234',0),
(2,'user1','1234',0),
(3,'user2','1234',0),
(4,'user3','1234',0),
(5,'user4','1234',0),
(6,'user5','1234',0),
(7,'user6','1234',0),
(8,'user7','1234',0),
(9,'user8','1234',0),
(10,'user9','1234',0),
(11,'user10','1234',0),
(12,'user11','1234',0),
(13,'user12','1234',0),
(14,'user13','1234',0),
(15,'user14','1234',0),
(16,'user15','1234',0),
(17,'user16','1234',0),
(18,'user17','1234',0),
(19,'user18','1234',0),
(20,'user19','1234',0),
(21,'user20','1234',0),
(22,'user1234','1234',1);

/*!40101 SET SQL_MODE=@OLD_SQL_MODE */;
/*!40014 SET FOREIGN_KEY_CHECKS=@OLD_FOREIGN_KEY_CHECKS */;
/*!40014 SET UNIQUE_CHECKS=@OLD_UNIQUE_CHECKS */;
/*!40111 SET SQL_NOTES=@OLD_SQL_NOTES */;
